How to use this file:,"- if you want a facet to be deployed to a new network (or if you want to request an update of a facet), write ""latest"" in the respective file (SC team will replace this info with the latest version number)
- if a facet is not supposed to be deployed to a certain network, write down a short reason (e.g. network not supported by bridge) and add grey background to the field (as shown in Example column)
- remember that immutable diamonds cannot be changed (i.e. no facets can be added). If you request a facet to be added to an immutable diamond, it will only be possible in the next release (i.e. when we redeploy the immutable diamond)
- please update the ""Updated: <date>"" information on every change so we keep track of when a facet (and its supported networks) was checked last
- please do not change any structure (e.g. merge/unmerge cells) of this file as it will be parsed by a script - please approach SC team if you need additional space for networks/facets
- copy/paste will often break the formatting. It is recommended to just enter text into cells manually. If you copy/paste, please make sure the formatting remains intact.",,,,,,,,,,,,,,,,,,,,,,,,,,,,,,,,,,,,,,,,,,,,,,,,,,,,,,,,,,,,,,,,,,,,,,,,,,,,,,,,,,,,,,,,,,,,,,,,,,,,,,,,,,,,,,,,,,,,,,,,,,,,,,,,,,,,,,,
Contracts:,EXAMPLE,,PERIPHERY,,AxelarExecutor,,ERC20Proxy,,Executor,,FeeCollector,,FusePoolZap,,Receiver,,RelayerCelerIM,,ServiceFeeCollector,,,,,,,,,,FACETS,,DiamondCutFacet,,DiamondLoupeFacet,,OwnershipFacet,,DexManagerFacet,,AccessManagerFacet,,WithdrawFacet,,PeripheryRegistryFacet,,AcrossFacet,,AllBridgeFacet,,AmarokFacet,,ArbitrumBridgeFacet,,AxelarFacet,,CBridgeFacet,,CBridgeFacetPacked,,CelerCircleBridgeFacet,,CelerIMFacet,,CircleBridgeFacet,,DeBridgeFacet,,GnosisBridgeFacet,,GnosisBridgeL2Facet,,GravityFacet,,HopFacet,,HopFacetPacked,,HyphenFacet,,MakerTeleportFacet,,MultichainFacet,,NXTPFacet,,OFTWrapperFacet,,OmniBridgeFacet,,OptimismBridgeFacet,,PolygonBridgeFacet,,RoninBridgeFacet,,SquidFacet,,StargateFacet,,SynapseBridgeFacet,,ThorSwapFacet,,WormholeFacet,,,,,,,,,,,,,,,,,,,,,,,,,,,,,,,,END,
,,,,,,,,,,,,,,,,,,,,,,,,,,,,,,,,,,,,,,,,,,,,,,,,,,,,,,,,,,,,,,,,,,,,,,,,,,,,,,,,,,,,,,,,,,,,,,,,,,,,,,,,,,,,,,,,,,,,,,,,,,,,,,,,,,,,,,,,
bridge UI,,,,,,,,,,,,,,,,,,,,,,,,,,,,,,,,,,,,,,,,,,,,,Link,,Link,,Link,,Link,,Link,,Link,,Link,,,,Link,,,,Link,,Link,,Link,,Link,,Link,,Link,,Link,,,,Link,,Deprecated,,,,Link,,Link,,Link,,Link,,Link,,Link,,Link,,Link,,,,,,,,,,,,,,,,,,,,,,,,,,,,,,,,,,,
core periphery/facet,,,,,,,x,,x,,x,,,,x,,,,x,,,,,,,,,,,,x,,x,,x,,x,,x,,x,,x,,,,,,,,,,,,,,,,,,,,,,,,,,,,,,,,,,,,,,,,,,,,,,,,,,,,,,,,,,,,,,,,,,,,,,,,,,,,,,,,,,,,,,,,,,,,,
Diamond Type,M,I,,,M,I,M,I,M,I,M,I,M,I,M,I,M,I,M,I,M,I,M,I,M,I,M,I,,,M,I,M,I,M,I,M,I,M,I,M,I,M,I,M,I,M,I,M,I,M,I,M,I,M,I,M,I,M,I,M,I,M,I,M,I,M,I,M,I,M,I,M,I,M,I,M,I,M,I,M,I,M,I,M,I,M,I,M,I,M,I,M,I,M,I,M,I,M,I,M,I,M,I,M,I,M,I,M,I,M,I,M,I,M,I,M,I,M,I,M,I,M,I,M,I,M,I,M,I,M,I,M,I,"M = Mutable
 I  = Immutable",
Networks,"Updated:
24.05.23","Updated:
24.05.23",,,"Updated:
xx.xx.23","Updated:
xx.xx.23","Updated:
xx.xx.23","Updated:
xx.xx.23","Updated:
xx.xx.23","Updated:
xx.xx.23","Updated:
xx.xx.23","Updated:
xx.xx.23","Updated:
xx.xx.23","Updated:
xx.xx.23","Updated:
xx.xx.23","Updated:
xx.xx.23","Updated:
xx.xx.23","Updated:
xx.xx.23","Updated:
xx.xx.23","Updated:
xx.xx.23","Updated:
xx.xx.23","Updated:
xx.xx.23","Updated:
xx.xx.23","Updated:
xx.xx.23","Updated:
xx.xx.23","Updated:
xx.xx.23","Updated:
xx.xx.23","Updated:
xx.xx.23",,,"Updated:
25.05.23","Updated:
26.05.23","Updated:
25.05.23","Updated:
26.05.23","Updated:
25.05.23","Updated:
26.05.23","Updated:
25.05.23","Updated:
26.05.23","Updated:
25.05.23","Updated:
26.05.23","Updated:
25.05.23","Updated:
26.05.23","Updated:
25.05.23","Updated:
26.05.23","Updated:
25.05.23","Updated:
26.05.23","Updated:
25.05.23","Updated:
26.05.23","Updated:
25.05.23","Updated:
26.05.23","Updated:
25.05.23","Updated:
26.05.23","Updated:
25.05.23","Updated:
26.05.23","Updated:
25.05.23","Updated:
26.05.23","Updated:
25.05.23","Updated:
26.05.23","Updated:
25.05.23","Updated:
26.05.23","Updated:
25.05.23","Updated:
26.05.23","Updated:
26.05.23","Updated:
26.05.23","Updated:
xx.xx.23","Updated:
26.05.23","Updated:
25.05.23","Updated:
26.05.23","Updated:
25.05.23","Updated:
26.05.23","Updated:
26.05.23","Updated:
26.05.23","Updated:
25.05.23","Updated:
26.05.23","Updated:
25.05.23","Updated:
26.05.23","Updated:
25.05.23","Updated:
26.05.23","Updated:
26.05.23","Updated:
26.05.23","Updated:
25.05.23","Updated:
26.05.23","Updated:
26.05.23","Updated:
26.05.23","Updated:
26.05.23","Updated:
26.05.23","Updated:
25.05.23","Updated:
26.05.23","Updated:
25.05.23","Updated:
26.05.23","Updated:
25.05.23","Updated:
26.05.23","Updated:
26.05.23","Updated:
26.05.23","Updated:
26.05.23","Updated:
26.05.23","Updated:
25.05.23","Updated:
26.05.23","Updated:
26.05.23","Updated:
26.05.23","Updated:
26.05.23","Updated:
26.05.23","Updated:
25.05.23","Updated:
26.05.23","Updated:
xx.xx.23","Updated:
xx.xx.23","Updated:
xx.xx.23","Updated:
xx.xx.23","Updated:
xx.xx.23","Updated:
xx.xx.23","Updated:
xx.xx.23","Updated:
xx.xx.23","Updated:
xx.xx.23","Updated:
xx.xx.23","Updated:
xx.xx.23","Updated:
xx.xx.23","Updated:
xx.xx.23","Updated:
xx.xx.23","Updated:
xx.xx.23","Updated:
xx.xx.23","Updated:
xx.xx.23","Updated:
xx.xx.23","Updated:
xx.xx.23","Updated:
xx.xx.23","Updated:
xx.xx.23","Updated:
xx.xx.23","Updated:
xx.xx.23","Updated:
xx.xx.23","Updated:
xx.xx.23","Updated:
xx.xx.23","Updated:
xx.xx.23","Updated:
xx.xx.23","Updated:
xx.xx.23","Updated:
xx.xx.23",EVM Chain,ChainId
mainnet,1.0.0,1.0.0,,,19.0.0,20.0.0,1.0.0,1.0.0,18.0.0,,18.0.0,,,,2.0.0,2.0.0,1.0.1,1.0.1,18.0.0,,,,,,,,,,,,1.0.0,1.0.0,1.0.0,1.0.0,1.0.0,1.0.0,1.0.0,1.0.0,1.0.0,1.0.0,1.0.0,1.0.0,latest,latest,2.0.0,2.0.0,needs staging first,needs staging first,1.0.1,1.0.1,1.0.0,1.0.0,1.0.0,1.0.0,1.0.0,1.0.0,1.0.1,1.0.1,1.0.1,1.0.1,1.0.1,1.0.1,needs staging first,needs staging first,needs staging first,needs staging first,1.0.0,1.0.0,uses differnt facet,uses differnt facet,needs staging first,needs staging first,2.0.0,2.0.0,1.0.4,1.0.4,1.0.0,1.0.0,not launched yet,not launched yet,1.0.1,1.0.1,deprecated,deprecated,needs staging first,needs staging first,1.0.0,1.0.0,1.0.0,1.0.0,1.0.0,1.0.0,needs staging first,needs staging first,needs staging first,needs staging first,1.0.0,1.0.0,needs staging first,needs staging first,needs staging first,needs staging first,1.0.0,1.0.0,  , ,  , ,  , ,  , ,  , ,  , ,  , ,  , ,  , ,  , ,  , ,  , ,  , ,  , ,  , ,x,1
polygon,1.0.0,1.0.0,,,,,,,,,,,,,2.0.0,2.0.0,1.0.1,1.0.1,,,,,,,,,,,,,1.0.0,1.0.0,1.0.0,1.0.0,1.0.0,1.0.0,1.0.0,1.0.0,1.0.0,1.0.0,1.0.0,1.0.0,latest,latest,2.0.0,2.0.0,network not supported by this bridge,network not supported by this bridge,1.0.1,1.0.1,network not supported by this bridge,network not supported by this bridge,1.0.0,1.0.0,1.0.0,1.0.0,1.0.1,1.0.1,network not supported by this bridge,network not supported by this bridge,1.0.1,1.0.1,network not supported by this bridge,network not supported by this bridge,needs staging first,needs staging first,network not supported by this bridge,network not supported by this bridge,network not supported by this bridge,network not supported by this bridge,network not supported by this bridge,network not supported by this bridge,2.0.0,2.0.0,1.0.4,1.0.4,1.0.0,1.0.0,not launched yet,not launched yet,1.0.1,1.0.1,deprecated,deprecated,needs staging first,needs staging first,network not supported by this bridge,network not supported by this bridge,network not supported by this bridge,network not supported by this bridge,We only support L1 > L2,We only support L1 > L2,network not supported by this bridge,network not supported by this bridge,needs staging first,needs staging first,1.0.0,1.0.0,needs staging first,needs staging first,network not supported by this bridge,network not supported by this bridge,1.0.0,1.0.0,  , ,  , ,  , ,  , ,  , ,  , ,  , ,  , ,  , ,  , ,  , ,  , ,  , ,  , ,  , ,x,137
bsc,1.0.0,1.0.0,,,,,,,,,,,,,2.0.0,2.0.0,1.0.1,1.0.1,,,,,,,,,,,,,1.0.0,1.0.0,1.0.0,1.0.0,1.0.0,1.0.0,1.0.0,1.0.0,1.0.0,1.0.0,1.0.0,1.0.0,latest,latest,network not supported by this bridge,network not supported by this bridge,needs staging first,needs staging first,1.0.1,1.0.1,network not supported by this bridge,network not supported by this bridge,1.0.0,1.0.0,1.0.0,1.0.0,1.0.1,1.0.1,network not supported by this bridge,network not supported by this bridge,1.0.1,1.0.1,network not supported by this bridge,network not supported by this bridge,needs staging first,needs staging first,network not supported by this bridge,network not supported by this bridge,network not supported by this bridge,network not supported by this bridge,network not supported by this bridge,network not supported by this bridge,network not supported by this bridge,network not supported by this bridge,network not supported by this bridge,network not supported by this bridge,1.0.0,1.0.0,not launched yet,not launched yet,1.0.1,1.0.1,deprecated,deprecated,needs staging first,needs staging first,not supported by us,network not supported by this bridge,network not supported by this bridge,network not supported by this bridge,network not supported by this bridge,network not supported by this bridge,network not supported by this bridge,network not supported by this bridge,needs staging first,needs staging first,1.0.0,1.0.0,needs staging first,needs staging first,needs staging first,needs staging first,1.0.0,1.0.0,  , ,  , ,  , ,  , ,  , ,  , ,  , ,  , ,  , ,  , ,  , ,  , ,  , ,  , ,  , ,x,56
gnosis,1.0.0,1.0.0,,,,,,,,,,,,,2.0.0,2.0.0,1.0.1,1.0.1,,,,,,,,,,,,,1.0.0,1.0.0,1.0.0,1.0.0,1.0.0,1.0.0,1.0.0,1.0.0,1.0.0,1.0.0,1.0.0,1.0.0,latest,latest,network not supported by this bridge,network not supported by this bridge,network not supported by this bridge,network not supported by this bridge,1.0.1,1.0.1,network not supported by this bridge,network not supported by this bridge,network not supported by this bridge,network not supported by this bridge,1.0.0,1.0.0,currently not needed,currently not needed,network not supported by this bridge,network not supported by this bridge,network not supported by this bridge,network not supported by this bridge,network not supported by this bridge,network not supported by this bridge,network not supported by this bridge,network not supported by this bridge,uses differnt facet,uses differnt facet,1.0.0,1.0.0,network not supported by this bridge,network not supported by this bridge,2.0.0,2.0.0,1.0.4,1.0.4,network not supported by this bridge,network not supported by this bridge,not launched yet,not launched yet,1.0.1,1.0.1,deprecated,deprecated,network not supported by this bridge,network not supported by this bridge,1.0.0,1.0.0,network not supported by this bridge,network not supported by this bridge,network not supported by this bridge,network not supported by this bridge,network not supported by this bridge,network not supported by this bridge,network not supported by this bridge,network not supported by this bridge,network not supported by this bridge,network not supported by this bridge,network not supported by this bridge,network not supported by this bridge,network not supported by this bridge,network not supported by this bridge,network not supported by this bridge,network not supported by this bridge,  , ,  , ,  , ,  , ,  , ,  , ,  , ,  , ,  , ,  , ,  , ,  , ,  , ,  , ,  , ,x,100
fantom,1.0.0,1.0.0,,,,,,,,,,,,,2.0.0,2.0.0,1.0.1,1.0.1,,,,,,,,,,,,,1.0.0,1.0.0,1.0.0,1.0.0,1.0.0,1.0.0,1.0.0,1.0.0,1.0.0,1.0.0,1.0.0,1.0.0,latest,latest,network not supported by this bridge,network not supported by this bridge,network not supported by this bridge,network not supported by this bridge,network not supported by this bridge,network not supported by this bridge,network not supported by this bridge,network not supported by this bridge,1.0.0,1.0.0,1.0.0,1.0.0,currently not needed,currently not needed,network not supported by this bridge,network not supported by this bridge,1.0.1,1.0.1,network not supported by this bridge,network not supported by this bridge,needs staging first,needs staging first,network not supported by this bridge,network not supported by this bridge,network not supported by this bridge,network not supported by this bridge,network not supported by this bridge,network not supported by this bridge,network not supported by this bridge,network not supported by this bridge,network not supported by this bridge,network not supported by this bridge,1.0.0,1.0.0,not launched yet,not launched yet,1.0.1,1.0.1,deprecated,deprecated,needs staging first,needs staging first,network not supported by this bridge,network not supported by this bridge,network not supported by this bridge,network not supported by this bridge,network not supported by this bridge,network not supported by this bridge,network not supported by this bridge,network not supported by this bridge,needs staging first,needs staging first,1.0.0,1.0.0,needs staging first,needs staging first,network not supported by this bridge,network not supported by this bridge,1.0.0,1.0.0,  , ,  , ,  , ,  , ,  , ,  , ,  , ,  , ,  , ,  , ,  , ,  , ,  , ,  , ,  , ,x,250
okx,1.0.0,1.0.0,,,,,,,,,,,,,2.0.0,2.0.0,1.0.1,1.0.1,,,,,,,,,,,,,1.0.0,1.0.0,1.0.0,1.0.0,1.0.0,1.0.0,1.0.0,1.0.0,1.0.0,1.0.0,1.0.0,1.0.0,latest,latest,network not supported by this bridge,network not supported by this bridge,network not supported by this bridge,network not supported by this bridge,network not supported by this bridge,network not supported by this bridge,network not supported by this bridge,network not supported by this bridge,network not supported by this bridge,network not supported by this bridge,1.0.0,1.0.0,currently not needed,currently not needed,network not supported by this bridge,network not supported by this bridge,network not supported by this bridge,network not supported by this bridge,network not supported by this bridge,network not supported by this bridge,network not supported by this bridge,network not supported by this bridge,network not supported by this bridge,network not supported by this bridge,network not supported by this bridge,network not supported by this bridge,network not supported by this bridge,network not supported by this bridge,network not supported by this bridge,network not supported by this bridge,network not supported by this bridge,network not supported by this bridge,network not supported by this bridge,network not supported by this bridge,not launched yet,not launched yet,1.0.1,1.0.1,deprecated,deprecated,network not supported by this bridge,network not supported by this bridge,network not supported by this bridge,network not supported by this bridge,network not supported by this bridge,network not supported by this bridge,network not supported by this bridge,network not supported by this bridge,network not supported by this bridge,network not supported by this bridge,network not supported by this bridge,network not supported by this bridge,network not supported by this bridge,network not supported by this bridge,network not supported by this bridge,network not supported by this bridge,network not supported by this bridge,network not supported by this bridge,network not supported by this bridge,network not supported by this bridge,  , ,  , ,  , ,  , ,  , ,  , ,  , ,  , ,  , ,  , ,  , ,  , ,  , ,  , ,  , ,x,66
avalanche,1.0.0,1.0.0,,,,,,,,,,,,,2.0.0,2.0.0,1.0.1,1.0.1,,,,,,,,,,,,,1.0.0,1.0.0,1.0.0,1.0.0,1.0.0,1.0.0,1.0.0,1.0.0,1.0.0,1.0.0,1.0.0,1.0.0,latest,latest,network not supported by this bridge,network not supported by this bridge,network not supported by this bridge,network not supported by this bridge,network not supported by this bridge,network not supported by this bridge,network not supported by this bridge,network not supported by this bridge,1.0.0,1.0.0,1.0.0,1.0.0,1.0.1,1.0.1,1.0.1,1.0.1,1.0.1,1.0.1,needs staging first,needs staging first,needs staging first,needs staging first,network not supported by this bridge,network not supported by this bridge,network not supported by this bridge,network not supported by this bridge,network not supported by this bridge,network not supported by this bridge,network not supported by this bridge,network not supported by this bridge,network not supported by this bridge,network not supported by this bridge,1.0.0,1.0.0,not launched yet,not launched yet,1.0.1,1.0.1,deprecated,deprecated,needs staging first,needs staging first,network not supported by this bridge,network not supported by this bridge,network not supported by this bridge,network not supported by this bridge,network not supported by this bridge,network not supported by this bridge,network not supported by this bridge,network not supported by this bridge,needs staging first,needs staging first,1.0.0,1.0.0,needs staging first,needs staging first,needs staging first,needs staging first,1.0.0,1.0.0,  , ,  , ,  , ,  , ,  , ,  , ,  , ,  , ,  , ,  , ,  , ,  , ,  , ,  , ,  , ,x,43114
arbitrum,1.0.0,1.0.0,,,,,,,,,,,,,2.0.0,2.0.0,1.0.1,1.0.1,,,,,,,,,,,,,1.0.0,1.0.0,1.0.0,1.0.0,1.0.0,1.0.0,1.0.0,1.0.0,1.0.0,1.0.0,1.0.0,1.0.0,latest,latest,2.0.0,2.0.0,network not supported by this bridge,network not supported by this bridge,1.0.1,1.0.1,We only support L1 > L2,We only support L1 > L2,1.0.0,1.0.0,1.0.0,1.0.0,1.0.1,1.0.1,network not supported by this bridge,network not supported by this bridge,1.0.1,1.0.1,network not supported by this bridge,network not supported by this bridge,needs staging first,needs staging first,network not supported by this bridge,network not supported by this bridge,network not supported by this bridge,network not supported by this bridge,network not supported by this bridge,network not supported by this bridge,2.0.0,2.0.0,1.0.4,1.0.4,1.0.0,1.0.0,not launched yet,not launched yet,1.0.1,1.0.1,deprecated,deprecated,needs staging first,needs staging first,network not supported by this bridge,network not supported by this bridge,network not supported by this bridge,network not supported by this bridge,network not supported by this bridge,network not supported by this bridge,network not supported by this bridge,network not supported by this bridge,needs staging first,needs staging first,1.0.0,1.0.0,needs staging first,needs staging first,network not supported by this bridge,network not supported by this bridge,1.0.0,1.0.0,  , ,  , ,  , ,  , ,  , ,  , ,  , ,  , ,  , ,  , ,  , ,  , ,  , ,  , ,  , ,x,42161
optimism,1.0.0,1.0.0,,,,,,,,,,,,,2.0.0,2.0.0,1.0.1,1.0.1,,,,,,,,,,,,,1.0.0,1.0.0,1.0.0,1.0.0,1.0.0,1.0.0,1.0.0,1.0.0,1.0.0,1.0.0,1.0.0,1.0.0,latest,latest,2.0.0,2.0.0,network not supported by this bridge,network not supported by this bridge,1.0.1,1.0.1,network not supported by this bridge,network not supported by this bridge,network not supported by this bridge,network not supported by this bridge,1.0.0,1.0.0,1.0.1,1.0.1,network not supported by this bridge,network not supported by this bridge,1.0.1,1.0.1,network not supported by this bridge,network not supported by this bridge,network not supported by this bridge,network not supported by this bridge,network not supported by this bridge,network not supported by this bridge,network not supported by this bridge,network not supported by this bridge,network not supported by this bridge,network not supported by this bridge,2.0.0,2.0.0,1.0.4,1.0.4,1.0.0,1.0.0,not launched yet,not launched yet,1.0.1,1.0.1,deprecated,deprecated,needs staging first,needs staging first,network not supported by this bridge,network not supported by this bridge,We only support L1 > L2,We only support L1 > L2,network not supported by this bridge,network not supported by this bridge,network not supported by this bridge,network not supported by this bridge,network not supported by this bridge,network not supported by this bridge,1.0.0,1.0.0,needs staging first,needs staging first,network not supported by this bridge,network not supported by this bridge,1.0.0,1.0.0,  , ,  , ,  , ,  , ,  , ,  , ,  , ,  , ,  , ,  , ,  , ,  , ,  , ,  , ,  , ,x,10
moonriver,1.0.0,1.0.0,,,,,,,,,,,,,2.0.0,2.0.0,1.0.1,1.0.1,,,,,,,,,,,,,1.0.0,1.0.0,1.0.0,1.0.0,1.0.0,1.0.0,1.0.0,1.0.0,1.0.0,1.0.0,1.0.0,1.0.0,latest,latest,network not supported by this bridge,network not supported by this bridge,network not supported by this bridge,network not supported by this bridge,network not supported by this bridge,network not supported by this bridge,network not supported by this bridge,network not supported by this bridge,network not supported by this bridge,network not supported by this bridge,1.0.0,1.0.0,currently not needed,currently not needed,network not supported by this bridge,network not supported by this bridge,1.0.1,1.0.1,network not supported by this bridge,network not supported by this bridge,network not supported by this bridge,network not supported by this bridge,network not supported by this bridge,network not supported by this bridge,network not supported by this bridge,network not supported by this bridge,network not supported by this bridge,network not supported by this bridge,network not supported by this bridge,network not supported by this bridge,network not supported by this bridge,network not supported by this bridge,network not supported by this bridge,network not supported by this bridge,not launched yet,not launched yet,1.0.1,1.0.1,deprecated,deprecated,network not supported by this bridge,network not supported by this bridge,network not supported by this bridge,network not supported by this bridge,network not supported by this bridge,network not supported by this bridge,network not supported by this bridge,network not supported by this bridge,network not supported by this bridge,network not supported by this bridge,network not supported by this bridge,network not supported by this bridge,network not supported by this bridge,network not supported by this bridge,needs staging first,needs staging first,network not supported by this bridge,network not supported by this bridge,network not supported by this bridge,network not supported by this bridge,  , ,  , ,  , ,  , ,  , ,  , ,  , ,  , ,  , ,  , ,  , ,  , ,  , ,  , ,  , ,x,1285
moonbeam,1.0.0,1.0.0,,,,,,,,,,,,,2.0.0,2.0.0,1.0.1,1.0.1,,,,,,,,,,,,,1.0.0,1.0.0,1.0.0,1.0.0,1.0.0,1.0.0,1.0.0,1.0.0,1.0.0,1.0.0,1.0.0,1.0.0,latest,latest,network not supported by this bridge,network not supported by this bridge,network not supported by this bridge,network not supported by this bridge,network not supported by this bridge,network not supported by this bridge,network not supported by this bridge,network not supported by this bridge,1.0.0,1.0.0,1.0.0,1.0.0,currently not needed,currently not needed,network not supported by this bridge,network not supported by this bridge,network not supported by this bridge,network not supported by this bridge,network not supported by this bridge,network not supported by this bridge,network not supported by this bridge,network not supported by this bridge,network not supported by this bridge,network not supported by this bridge,network not supported by this bridge,network not supported by this bridge,network not supported by this bridge,network not supported by this bridge,network not supported by this bridge,network not supported by this bridge,network not supported by this bridge,network not supported by this bridge,network not supported by this bridge,network not supported by this bridge,not launched yet,not launched yet,1.0.1,1.0.1,deprecated,deprecated,network not supported by this bridge,network not supported by this bridge,network not supported by this bridge,network not supported by this bridge,network not supported by this bridge,network not supported by this bridge,network not supported by this bridge,network not supported by this bridge,network not supported by this bridge,network not supported by this bridge,needs staging first,needs staging first,network not supported by this bridge,network not supported by this bridge,needs staging first,needs staging first,network not supported by this bridge,network not supported by this bridge,1.0.0,1.0.0,  , ,  , ,  , ,  , ,  , ,  , ,  , ,  , ,  , ,  , ,  , ,  , ,  , ,  , ,  , ,x,1284
celo,1.0.0,1.0.0,,,,,,,,,,,,,2.0.0,2.0.0,1.0.1,1.0.1,,,,,,,,,,,,,1.0.0,1.0.0,1.0.0,1.0.0,1.0.0,1.0.0,1.0.0,1.0.0,1.0.0,1.0.0,1.0.0,1.0.0,latest,latest,network not supported by this bridge,network not supported by this bridge,network not supported by this bridge,network not supported by this bridge,network not supported by this bridge,network not supported by this bridge,network not supported by this bridge,network not supported by this bridge,1.0.0,1.0.0,1.0.0,1.0.0,currently not needed,currently not needed,network not supported by this bridge,network not supported by this bridge,network not supported by this bridge,network not supported by this bridge,network not supported by this bridge,network not supported by this bridge,network not supported by this bridge,network not supported by this bridge,network not supported by this bridge,network not supported by this bridge,network not supported by this bridge,network not supported by this bridge,network not supported by this bridge,network not supported by this bridge,network not supported by this bridge,network not supported by this bridge,network not supported by this bridge,network not supported by this bridge,network not supported by this bridge,network not supported by this bridge,not launched yet,not launched yet,1.0.1,1.0.1,deprecated,deprecated,network not supported by this bridge,network not supported by this bridge,network not supported by this bridge,network not supported by this bridge,network not supported by this bridge,network not supported by this bridge,network not supported by this bridge,network not supported by this bridge,network not supported by this bridge,network not supported by this bridge,needs staging first,needs staging first,network not supported by this bridge,network not supported by this bridge,network not supported by this bridge,network not supported by this bridge,network not supported by this bridge,network not supported by this bridge,1.0.0,1.0.0,  , ,  , ,  , ,  , ,  , ,  , ,  , ,  , ,  , ,  , ,  , ,  , ,  , ,  , ,  , ,x,42220
fuse,network not supported by this bridge,network not supported by this bridge,,,,,,,,,,,,,2.0.0,2.0.0,1.0.1,1.0.1,,,,,,,,,,,,,1.0.0,1.0.0,1.0.0,1.0.0,1.0.0,1.0.0,1.0.0,1.0.0,1.0.0,1.0.0,1.0.0,1.0.0,latest,latest,network not supported by this bridge,network not supported by this bridge,network not supported by this bridge,network not supported by this bridge,network not supported by this bridge,network not supported by this bridge,network not supported by this bridge,network not supported by this bridge,network not supported by this bridge,network not supported by this bridge,network not supported by this bridge,network not supported by this bridge,network not supported by this bridge,network not supported by this bridge,network not supported by this bridge,network not supported by this bridge,network not supported by this bridge,network not supported by this bridge,network not supported by this bridge,network not supported by this bridge,network not supported by this bridge,network not supported by this bridge,network not supported by this bridge,network not supported by this bridge,network not supported by this bridge,network not supported by this bridge,network not supported by this bridge,network not supported by this bridge,network not supported by this bridge,network not supported by this bridge,network not supported by this bridge,network not supported by this bridge,network not supported by this bridge,network not supported by this bridge,not launched yet,not launched yet,1.0.1,1.0.1,deprecated,deprecated,network not supported by this bridge,network not supported by this bridge,network not supported by this bridge,network not supported by this bridge,network not supported by this bridge,network not supported by this bridge,network not supported by this bridge,network not supported by this bridge,network not supported by this bridge,network not supported by this bridge,network not supported by this bridge,network not supported by this bridge,network not supported by this bridge,network not supported by this bridge,network not supported by this bridge,network not supported by this bridge,network not supported by this bridge,network not supported by this bridge,network not supported by this bridge,network not supported by this bridge,  , ,  , ,  , ,  , ,  , ,  , ,  , ,  , ,  , ,  , ,  , ,  , ,  , ,  , ,  , ,x,122
cronos,1.0.0,1.0.0,,,,,,,,,,,,,2.0.0,2.0.0,1.0.1,1.0.1,,,,,,,,,,,,,1.0.0,1.0.0,1.0.0,1.0.0,1.0.0,1.0.0,1.0.0,1.0.0,1.0.0,1.0.0,1.0.0,1.0.0,latest,latest,network not supported by this bridge,network not supported by this bridge,network not supported by this bridge,network not supported by this bridge,network not supported by this bridge,network not supported by this bridge,network not supported by this bridge,network not supported by this bridge,network not supported by this bridge,network not supported by this bridge,network not supported by this bridge,network not supported by this bridge,network not supported by this bridge,network not supported by this bridge,network not supported by this bridge,network not supported by this bridge,network not supported by this bridge,network not supported by this bridge,network not supported by this bridge,network not supported by this bridge,network not supported by this bridge,network not supported by this bridge,network not supported by this bridge,network not supported by this bridge,network not supported by this bridge,network not supported by this bridge,network not supported by this bridge,network not supported by this bridge,network not supported by this bridge,network not supported by this bridge,network not supported by this bridge,network not supported by this bridge,network not supported by this bridge,network not supported by this bridge,not launched yet,not launched yet,1.0.1,1.0.1,deprecated,deprecated,network not supported by this bridge,network not supported by this bridge,network not supported by this bridge,network not supported by this bridge,network not supported by this bridge,network not supported by this bridge,network not supported by this bridge,network not supported by this bridge,network not supported by this bridge,network not supported by this bridge,network not supported by this bridge,network not supported by this bridge,network not supported by this bridge,network not supported by this bridge,needs staging first,needs staging first,network not supported by this bridge,network not supported by this bridge,network not supported by this bridge,network not supported by this bridge,  , ,  , ,  , ,  , ,  , ,  , ,  , ,  , ,  , ,  , ,  , ,  , ,  , ,  , ,  , ,x,25
velas,1.0.0,1.0.0,,,,,,,,,,,,,2.0.0,2.0.0,1.0.1,1.0.1,,,,,,,,,,,,,1.0.0,1.0.0,1.0.0,1.0.0,1.0.0,1.0.0,1.0.0,1.0.0,1.0.0,1.0.0,1.0.0,1.0.0,latest,latest,network not supported by this bridge,network not supported by this bridge,network not supported by this bridge,network not supported by this bridge,network not supported by this bridge,network not supported by this bridge,network not supported by this bridge,network not supported by this bridge,network not supported by this bridge,network not supported by this bridge,network not supported by this bridge,network not supported by this bridge,network not supported by this bridge,network not supported by this bridge,network not supported by this bridge,network not supported by this bridge,network not supported by this bridge,network not supported by this bridge,network not supported by this bridge,network not supported by this bridge,network not supported by this bridge,network not supported by this bridge,network not supported by this bridge,network not supported by this bridge,network not supported by this bridge,network not supported by this bridge,network not supported by this bridge,network not supported by this bridge,network not supported by this bridge,network not supported by this bridge,network not supported by this bridge,network not supported by this bridge,network not supported by this bridge,network not supported by this bridge,not launched yet,not launched yet,1.0.1,1.0.1,deprecated,deprecated,network not supported by this bridge,network not supported by this bridge,network not supported by this bridge,network not supported by this bridge,network not supported by this bridge,network not supported by this bridge,network not supported by this bridge,network not supported by this bridge,network not supported by this bridge,network not supported by this bridge,network not supported by this bridge,network not supported by this bridge,network not supported by this bridge,network not supported by this bridge,network not supported by this bridge,network not supported by this bridge,network not supported by this bridge,network not supported by this bridge,network not supported by this bridge,network not supported by this bridge,  , ,  , ,  , ,  , ,  , ,  , ,  , ,  , ,  , ,  , ,  , ,  , ,  , ,  , ,  , ,x,106
harmony,1.0.0,1.0.0,,,,,,,,,,,,,2.0.0,2.0.0,1.0.1,1.0.1,,,,,,,,,,,,,1.0.0,1.0.0,1.0.0,1.0.0,1.0.0,1.0.0,1.0.0,1.0.0,1.0.0,1.0.0,1.0.0,1.0.0,latest,latest,network not supported by this bridge,network not supported by this bridge,network not supported by this bridge,network not supported by this bridge,network not supported by this bridge,network not supported by this bridge,network not supported by this bridge,network not supported by this bridge,network not supported by this bridge,network not supported by this bridge,network not supported by this bridge,network not supported by this bridge,network not supported by this bridge,network not supported by this bridge,network not supported by this bridge,network not supported by this bridge,network not supported by this bridge,network not supported by this bridge,network not supported by this bridge,network not supported by this bridge,network not supported by this bridge,network not supported by this bridge,network not supported by this bridge,network not supported by this bridge,network not supported by this bridge,network not supported by this bridge,network not supported by this bridge,network not supported by this bridge,network not supported by this bridge,network not supported by this bridge,network not supported by this bridge,network not supported by this bridge,network not supported by this bridge,network not supported by this bridge,not launched yet,not launched yet,1.0.1,1.0.1,deprecated,deprecated,network not supported by this bridge,network not supported by this bridge,network not supported by this bridge,network not supported by this bridge,network not supported by this bridge,network not supported by this bridge,network not supported by this bridge,network not supported by this bridge,network not supported by this bridge,network not supported by this bridge,network not supported by this bridge,network not supported by this bridge,network not supported by this bridge,network not supported by this bridge,needs staging first,needs staging first,network not supported by this bridge,network not supported by this bridge,network not supported by this bridge,network not supported by this bridge,  , ,  , ,  , ,  , ,  , ,  , ,  , ,  , ,  , ,  , ,  , ,  , ,  , ,  , ,  , ,x,16666
evmos,1.0.0,1.0.0,,,,,,,,,,,,,2.0.0,2.0.0,1.0.1,1.0.1,,,,,,,,,,,,,1.0.0,1.0.0,1.0.0,1.0.0,1.0.0,1.0.0,1.0.0,1.0.0,1.0.0,1.0.0,1.0.0,1.0.0,latest,latest,network not supported by this bridge,network not supported by this bridge,network not supported by this bridge,network not supported by this bridge,network not supported by this bridge,network not supported by this bridge,network not supported by this bridge,network not supported by this bridge,1.0.0,1.0.0,1.0.0,1.0.0,currently not needed,currently not needed,network not supported by this bridge,network not supported by this bridge,network not supported by this bridge,network not supported by this bridge,network not supported by this bridge,network not supported by this bridge,network not supported by this bridge,network not supported by this bridge,network not supported by this bridge,network not supported by this bridge,network not supported by this bridge,network not supported by this bridge,needs staging first,needs staging first,network not supported by this bridge,network not supported by this bridge,network not supported by this bridge,network not supported by this bridge,network not supported by this bridge,network not supported by this bridge,not launched yet,not launched yet,1.0.1,1.0.1,deprecated,deprecated,network not supported by this bridge,network not supported by this bridge,network not supported by this bridge,network not supported by this bridge,network not supported by this bridge,network not supported by this bridge,network not supported by this bridge,network not supported by this bridge,network not supported by this bridge,network not supported by this bridge,network not supported by this bridge,network not supported by this bridge,network not supported by this bridge,network not supported by this bridge,network not supported by this bridge,network not supported by this bridge,network not supported by this bridge,network not supported by this bridge,network not supported by this bridge,network not supported by this bridge,  , ,  , ,  , ,  , ,  , ,  , ,  , ,  , ,  , ,  , ,  , ,  , ,  , ,  , ,  , ,x,9001
aurora,network not supported by this bridge,network not supported by this bridge,,,,,,,,,,,,,2.0.0,2.0.0,1.0.1,1.0.1,,,,,,,,,,,,,1.0.0,1.0.0,1.0.0,1.0.0,1.0.0,1.0.0,1.0.0,1.0.0,1.0.0,1.0.0,1.0.0,1.0.0,latest,latest,network not supported by this bridge,network not supported by this bridge,network not supported by this bridge,network not supported by this bridge,network not supported by this bridge,network not supported by this bridge,network not supported by this bridge,network not supported by this bridge,1.0.0,1.0.0,1.0.0,1.0.0,currently not needed,currently not needed,network not supported by this bridge,network not supported by this bridge,1.0.1,1.0.1,network not supported by this bridge,network not supported by this bridge,network not supported by this bridge,network not supported by this bridge,network not supported by this bridge,network not supported by this bridge,network not supported by this bridge,network not supported by this bridge,network not supported by this bridge,network not supported by this bridge,network not supported by this bridge,network not supported by this bridge,network not supported by this bridge,network not supported by this bridge,network not supported by this bridge,network not supported by this bridge,not launched yet,not launched yet,1.0.1,1.0.1,deprecated,deprecated,network not supported by this bridge,network not supported by this bridge,network not supported by this bridge,network not supported by this bridge,network not supported by this bridge,network not supported by this bridge,network not supported by this bridge,network not supported by this bridge,network not supported by this bridge,network not supported by this bridge,network not supported by this bridge,network not supported by this bridge,network not supported by this bridge,network not supported by this bridge,needs staging first,needs staging first,network not supported by this bridge,network not supported by this bridge,1.0.0,1.0.0,  , ,  , ,  , ,  , ,  , ,  , ,  , ,  , ,  , ,  , ,  , ,  , ,  , ,  , ,  , ,x,1313161554
boba,1.0.0,1.0.0,,,,,,,,,,,,,2.0.0,2.0.0,1.0.1,1.0.1,,,,,,,,,,,,,1.0.0,1.0.0,1.0.0,1.0.0,1.0.0,1.0.0,1.0.0,1.0.0,1.0.0,1.0.0,1.0.0,1.0.0,latest,latest,network not supported by this bridge,network not supported by this bridge,network not supported by this bridge,network not supported by this bridge,network not supported by this bridge,network not supported by this bridge,network not supported by this bridge,network not supported by this bridge,network not supported by this bridge,network not supported by this bridge,1.0.0,1.0.0,currently not needed,currently not needed,network not supported by this bridge,network not supported by this bridge,network not supported by this bridge,network not supported by this bridge,network not supported by this bridge,network not supported by this bridge,network not supported by this bridge,network not supported by this bridge,network not supported by this bridge,network not supported by this bridge,network not supported by this bridge,network not supported by this bridge,network not supported by this bridge,network not supported by this bridge,network not supported by this bridge,network not supported by this bridge,network not supported by this bridge,network not supported by this bridge,network not supported by this bridge,network not supported by this bridge,not launched yet,not launched yet,1.0.1,1.0.1,deprecated,deprecated,network not supported by this bridge,network not supported by this bridge,network not supported by this bridge,network not supported by this bridge,network not supported by this bridge,network not supported by this bridge,network not supported by this bridge,network not supported by this bridge,network not supported by this bridge,network not supported by this bridge,network not supported by this bridge,network not supported by this bridge,network not supported by this bridge,network not supported by this bridge,needs staging first,needs staging first,network not supported by this bridge,network not supported by this bridge,network not supported by this bridge,network not supported by this bridge,  , ,  , ,  , ,  , ,  , ,  , ,  , ,  , ,  , ,  , ,  , ,  , ,  , ,  , ,  , ,x,288
nova,1.0.0,1.0.0,,,,,,,,,,,,,2.0.0,2.0.0,1.0.1,1.0.1,,,,,,,,,,,,,1.0.0,1.0.0,1.0.0,1.0.0,1.0.0,1.0.0,1.0.0,1.0.0,1.0.0,1.0.0,1.0.0,1.0.0,latest,latest,network not supported by this bridge,network not supported by this bridge,network not supported by this bridge,network not supported by this bridge,network not supported by this bridge,network not supported by this bridge,We only support L1 > L2,We only support L1 > L2,network not supported by this bridge,network not supported by this bridge,1.0.0,1.0.0,currently not needed,currently not needed,network not supported by this bridge,network not supported by this bridge,1.0.1,1.0.1,network not supported by this bridge,network not supported by this bridge,network not supported by this bridge,network not supported by this bridge,network not supported by this bridge,network not supported by this bridge,network not supported by this bridge,network not supported by this bridge,network not supported by this bridge,network not supported by this bridge,network not supported by this bridge,network not supported by this bridge,network not supported by this bridge,network not supported by this bridge,network not supported by this bridge,network not supported by this bridge,not launched yet,not launched yet,1.0.1,1.0.1,deprecated,deprecated,network not supported by this bridge,network not supported by this bridge,network not supported by this bridge,network not supported by this bridge,network not supported by this bridge,network not supported by this bridge,network not supported by this bridge,network not supported by this bridge,network not supported by this bridge,network not supported by this bridge,network not supported by this bridge,network not supported by this bridge,network not supported by this bridge,network not supported by this bridge,network not supported by this bridge,network not supported by this bridge,network not supported by this bridge,network not supported by this bridge,network not supported by this bridge,network not supported by this bridge,  , ,  , ,  , ,  , ,  , ,  , ,  , ,  , ,  , ,  , ,  , ,  , ,  , ,  , ,  , ,x,42170
zksyncera,latest,latest,,,,,,,,,,,,,2.0.0,2.0.0,1.0.1,1.0.1,,,,,,,,,,,,,1.0.0,1.0.0,1.0.0,1.0.0,1.0.0,1.0.0,1.0.0,1.0.0,1.0.0,1.0.0,1.0.0,1.0.0,latest,latest,network not supported by this bridge,network not supported by this bridge,network not supported by this bridge,network not supported by this bridge,network not supported by this bridge,network not supported by this bridge,network not supported by this bridge,network not supported by this bridge,network not supported by this bridge,network not supported by this bridge,1.0.0,1.0.0,currently not needed,currently not needed,network not supported by this bridge,network not supported by this bridge,1.0.1,1.0.1,network not supported by this bridge,network not supported by this bridge,network not supported by this bridge,network not supported by this bridge,network not supported by this bridge,network not supported by this bridge,network not supported by this bridge,network not supported by this bridge,network not supported by this bridge,network not supported by this bridge,network not supported by this bridge,network not supported by this bridge,network not supported by this bridge,network not supported by this bridge,network not supported by this bridge,network not supported by this bridge,not launched yet,not launched yet,1.0.1,1.0.1,deprecated,deprecated,network not supported by this bridge,network not supported by this bridge,network not supported by this bridge,network not supported by this bridge,network not supported by this bridge,network not supported by this bridge,network not supported by this bridge,network not supported by this bridge,network not supported by this bridge,network not supported by this bridge,network not supported by this bridge,network not supported by this bridge,network not supported by this bridge,network not supported by this bridge,network not supported by this bridge,network not supported by this bridge,network not supported by this bridge,network not supported by this bridge,network not supported by this bridge,network not supported by this bridge,  , ,  , ,  , ,  , ,  , ,  , ,  , ,  , ,  , ,  , ,  , ,  , ,  , ,  , ,  , ,x,324
polygonzkevm,1.0.0,latest,,,,,,,,,,,,,2.0.0,2.0.0,1.0.1,1.0.1,,,,,,,,,,,,,1.0.0,1.0.0,1.0.0,1.0.0,1.0.0,1.0.0,1.0.0,1.0.0,1.0.0,1.0.0,1.0.0,1.0.0,latest,latest,network not supported by this bridge,network not supported by this bridge,network not supported by this bridge,network not supported by this bridge,network not supported by this bridge,network not supported by this bridge,network not supported by this bridge,network not supported by this bridge,network not supported by this bridge,network not supported by this bridge,1.0.0,1.0.0,currently not needed,currently not needed,network not supported by this bridge,network not supported by this bridge,1.0.1,1.0.1,network not supported by this bridge,network not supported by this bridge,network not supported by this bridge,network not supported by this bridge,network not supported by this bridge,network not supported by this bridge,network not supported by this bridge,network not supported by this bridge,network not supported by this bridge,network not supported by this bridge,network not supported by this bridge,network not supported by this bridge,network not supported by this bridge,network not supported by this bridge,network not supported by this bridge,network not supported by this bridge,not launched yet,not launched yet,1.0.1,1.0.1,deprecated,deprecated,network not supported by this bridge,network not supported by this bridge,network not supported by this bridge,network not supported by this bridge,network not supported by this bridge,network not supported by this bridge,network not supported by this bridge,network not supported by this bridge,network not supported by this bridge,network not supported by this bridge,network not supported by this bridge,network not supported by this bridge,network not supported by this bridge,network not supported by this bridge,network not supported by this bridge,network not supported by this bridge,network not supported by this bridge,network not supported by this bridge,network not supported by this bridge,network not supported by this bridge,  , ,  , ,  , ,  , ,  , ,  , ,  , ,  , ,  , ,  , ,  , ,  , ,  , ,  , ,  , ,x,1101
goerli,  , ,,,,,,,,,,,,,2.0.0,2.0.0,1.0.1,1.0.1,,,,,,,,,,,,,1.0.0,1.0.0,1.0.0,1.0.0,1.0.0,1.0.0,1.0.0,1.0.0,1.0.0,1.0.0,1.0.0,1.0.0,latest,latest,network not supported by this bridge,network not supported by this bridge,network not supported by this bridge,network not supported by this bridge,network not supported by this bridge,network not supported by this bridge,network not supported by this bridge,network not supported by this bridge,network not supported by this bridge,network not supported by this bridge,network not supported by this bridge,network not supported by this bridge,network not supported by this bridge,network not supported by this bridge,network not supported by this bridge,network not supported by this bridge,1.0.1,1.0.1,network not supported by this bridge,network not supported by this bridge,network not supported by this bridge,network not supported by this bridge,network not supported by this bridge,network not supported by this bridge,network not supported by this bridge,network not supported by this bridge,network not supported by this bridge,network not supported by this bridge,network not supported by this bridge,network not supported by this bridge,network not supported by this bridge,network not supported by this bridge,network not supported by this bridge,network not supported by this bridge,not launched yet,not launched yet,network not supported by this bridge,network not supported by this bridge,deprecated,deprecated,network not supported by this bridge,network not supported by this bridge,network not supported by this bridge,network not supported by this bridge,network not supported by this bridge,network not supported by this bridge,network not supported by this bridge,network not supported by this bridge,network not supported by this bridge,network not supported by this bridge,network not supported by this bridge,network not supported by this bridge,network not supported by this bridge,network not supported by this bridge,network not supported by this bridge,network not supported by this bridge,network not supported by this bridge,network not supported by this bridge,network not supported by this bridge,network not supported by this bridge,  , ,  , ,  , ,  , ,  , ,  , ,  , ,  , ,  , ,  , ,  , ,  , ,  , ,  , ,  , ,x,5
bsc-testnet,  , ,,,,,,,,,,,,,2.0.0,2.0.0,1.0.1,1.0.1,,,,,,,,,,,,,1.0.0,1.0.0,1.0.0,1.0.0,1.0.0,1.0.0,1.0.0,1.0.0,1.0.0,1.0.0,1.0.0,1.0.0,latest,latest,network not supported by this bridge,network not supported by this bridge,network not supported by this bridge,network not supported by this bridge,network not supported by this bridge,network not supported by this bridge,network not supported by this bridge,network not supported by this bridge,network not supported by this bridge,network not supported by this bridge,network not supported by this bridge,network not supported by this bridge,network not supported by this bridge,network not supported by this bridge,network not supported by this bridge,network not supported by this bridge,1.0.1,1.0.1,network not supported by this bridge,network not supported by this bridge,network not supported by this bridge,network not supported by this bridge,network not supported by this bridge,network not supported by this bridge,network not supported by this bridge,network not supported by this bridge,network not supported by this bridge,network not supported by this bridge,network not supported by this bridge,network not supported by this bridge,network not supported by this bridge,network not supported by this bridge,network not supported by this bridge,network not supported by this bridge,not launched yet,not launched yet,network not supported by this bridge,network not supported by this bridge,deprecated,deprecated,network not supported by this bridge,network not supported by this bridge,network not supported by this bridge,network not supported by this bridge,network not supported by this bridge,network not supported by this bridge,network not supported by this bridge,network not supported by this bridge,network not supported by this bridge,network not supported by this bridge,network not supported by this bridge,network not supported by this bridge,network not supported by this bridge,network not supported by this bridge,network not supported by this bridge,network not supported by this bridge,network not supported by this bridge,network not supported by this bridge,network not supported by this bridge,network not supported by this bridge,  , ,  , ,  , ,  , ,  , ,  , ,  , ,  , ,  , ,  , ,  , ,  , ,  , ,  , ,  , ,x,97
sepolia,  , ,,,,,,,,,,,,,2.0.0,2.0.0,1.0.1,1.0.1,,,,,,,,,,,,,1.0.0,1.0.0,1.0.0,1.0.0,1.0.0,1.0.0,1.0.0,1.0.0,1.0.0,1.0.0,1.0.0,1.0.0,latest,latest,network not supported by this bridge,network not supported by this bridge,network not supported by this bridge,network not supported by this bridge,network not supported by this bridge,network not supported by this bridge,network not supported by this bridge,network not supported by this bridge,network not supported by this bridge,network not supported by this bridge,network not supported by this bridge,network not supported by this bridge,network not supported by this bridge,network not supported by this bridge,network not supported by this bridge,network not supported by this bridge,network not supported by this bridge,network not supported by this bridge,network not supported by this bridge,network not supported by this bridge,network not supported by this bridge,network not supported by this bridge,network not supported by this bridge,network not supported by this bridge,network not supported by this bridge,network not supported by this bridge,network not supported by this bridge,network not supported by this bridge,network not supported by this bridge,network not supported by this bridge,network not supported by this bridge,network not supported by this bridge,network not supported by this bridge,network not supported by this bridge,not launched yet,not launched yet,network not supported by this bridge,network not supported by this bridge,deprecated,deprecated,network not supported by this bridge,network not supported by this bridge,network not supported by this bridge,network not supported by this bridge,network not supported by this bridge,network not supported by this bridge,network not supported by this bridge,network not supported by this bridge,network not supported by this bridge,network not supported by this bridge,network not supported by this bridge,network not supported by this bridge,network not supported by this bridge,network not supported by this bridge,network not supported by this bridge,network not supported by this bridge,network not supported by this bridge,network not supported by this bridge,network not supported by this bridge,network not supported by this bridge,  , ,  , ,  , ,  , ,  , ,  , ,  , ,  , ,  , ,  , ,  , ,  , ,  , ,  , ,  , ,x,11155111
mumbai,  , ,,,,,,,,,,,,,2.0.0,2.0.0,1.0.1,1.0.1,,,,,,,,,,,,,1.0.0,1.0.0,1.0.0,1.0.0,1.0.0,1.0.0,1.0.0,1.0.0,1.0.0,1.0.0,1.0.0,1.0.0,latest,latest,network not supported by this bridge,network not supported by this bridge,network not supported by this bridge,network not supported by this bridge,network not supported by this bridge,network not supported by this bridge,network not supported by this bridge,network not supported by this bridge,network not supported by this bridge,network not supported by this bridge,network not supported by this bridge,network not supported by this bridge,network not supported by this bridge,network not supported by this bridge,network not supported by this bridge,network not supported by this bridge,1.0.1,1.0.1,network not supported by this bridge,network not supported by this bridge,network not supported by this bridge,network not supported by this bridge,network not supported by this bridge,network not supported by this bridge,network not supported by this bridge,network not supported by this bridge,network not supported by this bridge,network not supported by this bridge,network not supported by this bridge,network not supported by this bridge,network not supported by this bridge,network not supported by this bridge,network not supported by this bridge,network not supported by this bridge,not launched yet,not launched yet,network not supported by this bridge,network not supported by this bridge,deprecated,deprecated,network not supported by this bridge,network not supported by this bridge,network not supported by this bridge,network not supported by this bridge,network not supported by this bridge,network not supported by this bridge,network not supported by this bridge,network not supported by this bridge,network not supported by this bridge,network not supported by this bridge,network not supported by this bridge,network not supported by this bridge,network not supported by this bridge,network not supported by this bridge,network not supported by this bridge,network not supported by this bridge,network not supported by this bridge,network not supported by this bridge,network not supported by this bridge,network not supported by this bridge,  , ,  , ,  , ,  , ,  , ,  , ,  , ,  , ,  , ,  , ,  , ,  , ,  , ,  , ,  , ,x,80001
lineatest,  , ,,,,,,,,,,,,,2.0.0,2.0.0,1.0.1,1.0.1,,,,,,,,,,,,,1.0.0,1.0.0,1.0.0,1.0.0,1.0.0,1.0.0,1.0.0,1.0.0,1.0.0,1.0.0,1.0.0,1.0.0,latest,latest,network not supported by this bridge,network not supported by this bridge,network not supported by this bridge,network not supported by this bridge,network not supported by this bridge,network not supported by this bridge,network not supported by this bridge,network not supported by this bridge,network not supported by this bridge,network not supported by this bridge,network not supported by this bridge,network not supported by this bridge,network not supported by this bridge,network not supported by this bridge,network not supported by this bridge,network not supported by this bridge,1.0.1,1.0.1,network not supported by this bridge,network not supported by this bridge,network not supported by this bridge,network not supported by this bridge,network not supported by this bridge,network not supported by this bridge,network not supported by this bridge,network not supported by this bridge,network not supported by this bridge,network not supported by this bridge,network not supported by this bridge,network not supported by this bridge,network not supported by this bridge,network not supported by this bridge,network not supported by this bridge,network not supported by this bridge,not launched yet,not launched yet,network not supported by this bridge,network not supported by this bridge,deprecated,deprecated,network not supported by this bridge,network not supported by this bridge,network not supported by this bridge,network not supported by this bridge,network not supported by this bridge,network not supported by this bridge,network not supported by this bridge,network not supported by this bridge,network not supported by this bridge,network not supported by this bridge,network not supported by this bridge,network not supported by this bridge,network not supported by this bridge,network not supported by this bridge,network not supported by this bridge,network not supported by this bridge,network not supported by this bridge,network not supported by this bridge,network not supported by this bridge,network not supported by this bridge,  , ,  , ,  , ,  , ,  , ,  , ,  , ,  , ,  , ,  , ,  , ,  , ,  , ,  , ,  , ,x,280
zksynceratest,  , ,,,,,,,,,,,,,2.0.0,2.0.0,1.0.1,1.0.1,,,,,,,,,,,,,1.0.0,1.0.0,1.0.0,1.0.0,1.0.0,1.0.0,1.0.0,1.0.0,1.0.0,1.0.0,1.0.0,1.0.0,latest,latest,network not supported by this bridge,network not supported by this bridge,network not supported by this bridge,network not supported by this bridge,network not supported by this bridge,network not supported by this bridge,network not supported by this bridge,network not supported by this bridge,network not supported by this bridge,network not supported by this bridge,network not supported by this bridge,network not supported by this bridge,network not supported by this bridge,network not supported by this bridge,network not supported by this bridge,network not supported by this bridge,network not supported by this bridge,network not supported by this bridge,network not supported by this bridge,network not supported by this bridge,network not supported by this bridge,network not supported by this bridge,network not supported by this bridge,network not supported by this bridge,network not supported by this bridge,network not supported by this bridge,network not supported by this bridge,network not supported by this bridge,network not supported by this bridge,network not supported by this bridge,network not supported by this bridge,network not supported by this bridge,network not supported by this bridge,network not supported by this bridge,not launched yet,not launched yet,network not supported by this bridge,network not supported by this bridge,deprecated,deprecated,network not supported by this bridge,network not supported by this bridge,network not supported by this bridge,network not supported by this bridge,network not supported by this bridge,network not supported by this bridge,network not supported by this bridge,network not supported by this bridge,network not supported by this bridge,network not supported by this bridge,network not supported by this bridge,network not supported by this bridge,network not supported by this bridge,network not supported by this bridge,network not supported by this bridge,network not supported by this bridge,network not supported by this bridge,network not supported by this bridge,network not supported by this bridge,network not supported by this bridge,  , ,  , ,  , ,  , ,  , ,  , ,  , ,  , ,  , ,  , ,  , ,  , ,  , ,  , ,  , ,,
,  , ,,,,,,,,,,,,,,,,,,,,,,,,,,,,,  , ,  , ,  , ,  , ,  , ,  , ,  , ,  , ,  , ,  , ,  , ,  , ,  , ,  , ,  , ,  , ,  , ,  , ,  , ,  , ,  , ,  , ,  , ,  , ,  , ,  , ,  , ,  , ,  , ,  , ,  , ,  , ,  , ,  , ,  , ,  , ,  , ,  , ,  , ,  , ,  , ,  , ,  , ,  , ,  , ,  , ,  , ,  , ,  , ,  , ,  , ,  , ,,
,  , ,,,,,,,,,,,,,,,,,,,,,,,,,,,,,  ,,  ,,  ,,  ,,  ,,  ,,  ,,  ,,, ,  , ,  , ,  , ,  , ,  , ,  , ,  , ,  , ,  , ,  , ,  , ,  , ,  , ,  , ,  , ,  , ,  , ,  , ,  , ,  , ,  , ,  , ,  , ,  , ,  , ,  , ,  , ,  , ,  , ,  , ,  , ,  , ,  , ,  , ,  , ,  , ,  , ,  , ,  , ,  , ,  , ,  , ,  , ,,
,  , ,,,,,,,,,,,,,,,,,,,,,,,,,,,,,  ,,  ,,  ,,  ,,  ,,  ,,  ,,  ,,  , ,  , ,  , ,  , ,  , ,  , ,  , ,  , ,  , ,  , ,  , ,  , ,  , ,  , ,  , ,  , ,  , ,  , ,  , ,  , ,  , ,  , ,  , ,  , ,  , ,  , ,  , ,  , ,  , ,  , ,  , ,  , ,  , ,  , ,  , ,  , ,  , ,  , ,  , ,  , ,  , ,  , ,  , ,  , ,,
,  , ,,,,,,,,,,,,,,,,,,,,,,,,,,,,,  , ,  , ,  , ,  , ,  , ,  , ,  , ,  , ,  , ,  , ,  , ,  , ,  , ,  , ,  , ,  , ,  , ,  , ,  , ,  , ,  , ,  , ,  , ,  , ,  , ,  , ,  , ,  , ,  , ,  , ,  , ,  , ,  , ,  , ,  , ,  , ,  , ,  , ,  , ,  , ,  , ,  , ,  , ,  , ,  , ,  , ,  , ,  , ,  , ,  , ,  , ,  , ,,
,  , ,,,,,,,,,,,,,,,,,,,,,,,,,,,,,  , ,  , ,  , ,  , ,  , ,  , ,  , ,  , ,  , ,  , ,  , ,  , ,  , ,  , ,  , ,  , ,  , ,  , ,  , ,  , ,  , ,  , ,  , ,  , ,  , ,  , ,  , ,  , ,  , ,  , ,  , ,  , ,  , ,  , ,  , ,  , ,  , ,  , ,  , ,  , ,  , ,  , ,  , ,  , ,  , ,  , ,  , ,  , ,  , ,  , ,  , ,  , ,,
,  , ,,,,,,,,,,,,,,,,,,,,,,,,,,,,,  , ,  , ,  , ,  , ,  , ,  , ,  , ,  , ,  , ,  , ,  , ,  , ,  , ,  , ,  , ,  , ,  , ,  , ,  , ,  , ,  , ,  , ,  , ,  , ,  , ,  , ,  , ,  , ,  , ,  , ,  , ,  , ,  , ,  , ,  , ,  , ,  , ,  , ,  , ,  , ,  , ,  , ,  , ,  , ,  , ,  , ,  , ,  , ,  , ,  , ,  , ,  , ,,
,  , ,,,,,,,,,,,,,,,,,,,,,,,,,,,,,  , ,  , ,  , ,  , ,  , ,  , ,  , ,  , ,  , ,  , ,  , ,  , ,  , ,  , ,  , ,  , ,  , ,  , ,  , ,  , ,  , ,  , ,  , ,  , ,  , ,  , ,  , ,  , ,  , ,  , ,  , ,  , ,  , ,  , ,  , ,  , ,  , ,  , ,  , ,  , ,  , ,  , ,  , ,  , ,  , ,  , ,  , ,  , ,  , ,  , ,  , ,  , ,,
,  , ,,,,,,,,,,,,,,,,,,,,,,,,,,,,,  , ,  , ,  , ,  , ,  , ,  , ,  , ,  , ,  , ,  , ,  , ,  , ,  , ,  , ,  , ,  , ,  , ,  , ,  , ,  , ,  , ,  , ,  , ,  , ,  , ,  , ,  , ,  , ,  , ,  , ,  , ,  , ,  , ,  , ,  , ,  , ,  , ,  , ,  , ,  , ,  , ,  , ,  , ,  , ,  , ,  , ,  , ,  , ,  , ,  , ,  , ,  , ,,
,  , ,,,,,,,,,,,,,,,,,,,,,,,,,,,,,  , ,  , ,  , ,  , ,  , ,  , ,  , ,  , ,  , ,  , ,  , ,  , ,  , ,  , ,  , ,  , ,  , ,  , ,  , ,  , ,  , ,  , ,  , ,  , ,  , ,  , ,  , ,  , ,  , ,  , ,  , ,  , ,  , ,  , ,  , ,  , ,  , ,  , ,  , ,  , ,  , ,  , ,  , ,  , ,  , ,  , ,  , ,  , ,  , ,  , ,  , ,  , ,,
,  , ,,,,,,,,,,,,,,,,,,,,,,,,,,,,,  , ,  , ,  , ,  , ,  , ,  , ,  , ,  , ,  , ,  , ,  , ,  , ,  , ,  , ,  , ,  , ,  , ,  , ,  , ,  , ,  , ,  , ,  , ,  , ,  , ,  , ,  , ,  , ,  , ,  , ,  , ,  , ,  , ,  , ,  , ,  , ,  , ,  , ,  , ,  , ,  , ,  , ,  , ,  , ,  , ,  , ,  , ,  , ,  , ,  , ,  , ,  , ,,
,  , ,,,,,,,,,,,,,,,,,,,,,,,,,,,,,  , ,  , ,  , ,  , ,  , ,  , ,  , ,  , ,  , ,  , ,  , ,  , ,  , ,  , ,  , ,  , ,  , ,  , ,  , ,  , ,  , ,  , ,  , ,  , ,  , ,  , ,  , ,  , ,  , ,  , ,  , ,  , ,  , ,  , ,  , ,  , ,  , ,  , ,  , ,  , ,  , ,  , ,  , ,  , ,  , ,  , ,  , ,  , ,  , ,  , ,  , ,  , ,,
,  , ,,,,,,,,,,,,,,,,,,,,,,,,,,,,,  , ,  , ,  , ,  , ,  , ,  , ,  , ,  , ,  , ,  , ,  , ,  , ,  , ,  , ,  , ,  , ,  , ,  , ,  , ,  , ,  , ,  , ,  , ,  , ,  , ,  , ,  , ,  , ,  , ,  , ,  , ,  , ,  , ,  , ,  , ,  , ,  , ,  , ,  , ,  , ,  , ,  , ,  , ,  , ,  , ,  , ,  , ,  , ,  , ,  , ,  , ,  , ,,
,  , ,,,,,,,,,,,,,,,,,,,,,,,,,,,,,  , ,  , ,  , ,  , ,  , ,  , ,  , ,  , ,  , ,  , ,  , ,  , ,  , ,  , ,  , ,  , ,  , ,  , ,  , ,  , ,  , ,  , ,  , ,  , ,  , ,  , ,  , ,  , ,  , ,  , ,  , ,  , ,  , ,  , ,  , ,  , ,  , ,  , ,  , ,  , ,  , ,  , ,  , ,  , ,  , ,  , ,  , ,  , ,  , ,  , ,  , ,  , ,,
,  , ,,,,,,,,,,,,,,,,,,,,,,,,,,,,,  , ,  , ,  , ,  , ,  , ,  , ,  , ,  , ,  , ,  , ,  , ,  , ,  , ,  , ,  , ,  , ,  , ,  , ,  , ,  , ,  , ,  , ,  , ,  , ,  , ,  , ,  , ,  , ,  , ,  , ,  , ,  , ,  , ,  , ,  , ,  , ,  , ,  , ,  , ,  , ,  , ,  , ,  , ,  , ,  , ,  , ,  , ,  , ,  , ,  , ,  , ,  , ,,
,  , ,,,,,,,,,,,,,,,,,,,,,,,,,,,,,  , ,  , ,  , ,  , ,  , ,  , ,  , ,  , ,  , ,  , ,  , ,  , ,  , ,  , ,  , ,  , ,  , ,  , ,  , ,  , ,  , ,  , ,  , ,  , ,  , ,  , ,  , ,  , ,  , ,  , ,  , ,  , ,  , ,  , ,  , ,  , ,  , ,  , ,  , ,  , ,  , ,  , ,  , ,  , ,  , ,  , ,  , ,  , ,  , ,  , ,  , ,  , ,,
,  , ,,,,,,,,,,,,,,,,,,,,,,,,,,,,,  , ,  , ,  , ,  , ,  , ,  , ,  , ,  , ,  , ,  , ,  , ,  , ,  , ,  , ,  , ,  , ,  , ,  , ,  , ,  , ,  , ,  , ,  , ,  , ,  , ,  , ,  , ,  , ,  , ,  , ,  , ,  , ,  , ,  , ,  , ,  , ,  , ,  , ,  , ,  , ,  , ,  , ,  , ,  , ,  , ,  , ,  , ,  , ,  , ,  , ,  , ,  , ,,
,  , ,,,,,,,,,,,,,,,,,,,,,,,,,,,,,  , ,  , ,  , ,  , ,  , ,  , ,  , ,  , ,  , ,  , ,  , ,  , ,  , ,  , ,  , ,  , ,  , ,  , ,  , ,  , ,  , ,  , ,  , ,  , ,  , ,  , ,  , ,  , ,  , ,  , ,  , ,  , ,  , ,  , ,  , ,  , ,  , ,  , ,  , ,  , ,  , ,  , ,  , ,  , ,  , ,  , ,  , ,  , ,  , ,  , ,  , ,  , ,,
,  , ,,,,,,,,,,,,,,,,,,,,,,,,,,,,,  , ,  , ,  , ,  , ,  , ,  , ,  , ,  , ,  , ,  , ,  , ,  , ,  , ,  , ,  , ,  , ,  , ,  , ,  , ,  , ,  , ,  , ,  , ,  , ,  , ,  , ,  , ,  , ,  , ,  , ,  , ,  , ,  , ,  , ,  , ,  , ,  , ,  , ,  , ,  , ,  , ,  , ,  , ,  , ,  , ,  , ,  , ,  , ,  , ,  , ,  , ,  , ,,
,  , ,,,,,,,,,,,,,,,,,,,,,,,,,,,,,  , ,  , ,  , ,  , ,  , ,  , ,  , ,  , ,  , ,  , ,  , ,  , ,  , ,  , ,  , ,  , ,  , ,  , ,  , ,  , ,  , ,  , ,  , ,  , ,  , ,  , ,  , ,  , ,  , ,  , ,  , ,  , ,  , ,  , ,  , ,  , ,  , ,  , ,  , ,  , ,  , ,  , ,  , ,  , ,  , ,  , ,  , ,  , ,  , ,  , ,  , ,  , ,,
,  , ,,,,,,,,,,,,,,,,,,,,,,,,,,,,,  , ,  , ,  , ,  , ,  , ,  , ,  , ,  , ,  , ,  , ,  , ,  , ,  , ,  , ,  , ,  , ,  , ,  , ,  , ,  , ,  , ,  , ,  , ,  , ,  , ,  , ,  , ,  , ,  , ,  , ,  , ,  , ,  , ,  , ,  , ,  , ,  , ,  , ,  , ,  , ,  , ,  , ,  , ,  , ,  , ,  , ,  , ,  , ,  , ,  , ,  , ,  , ,,
,  , ,,,,,,,,,,,,,,,,,,,,,,,,,,,,,  , ,  , ,  , ,  , ,  , ,  , ,  , ,  , ,  , ,  , ,  , ,  , ,  , ,  , ,  , ,  , ,  , ,  , ,  , ,  , ,  , ,  , ,  , ,  , ,  , ,  , ,  , ,  , ,  , ,  , ,  , ,  , ,  , ,  , ,  , ,  , ,  , ,  , ,  , ,  , ,  , ,  , ,  , ,  , ,  , ,  , ,  , ,  , ,  , ,  , ,  , ,  , ,,
,  , ,,,,,,,,,,,,,,,,,,,,,,,,,,,,,  , ,  , ,  , ,  , ,  , ,  , ,  , ,  , ,  , ,  , ,  , ,  , ,  , ,  , ,  , ,  , ,  , ,  , ,  , ,  , ,  , ,  , ,  , ,  , ,  , ,  , ,  , ,  , ,  , ,  , ,  , ,  , ,  , ,  , ,  , ,  , ,  , ,  , ,  , ,  , ,  , ,  , ,  , ,  , ,  , ,  , ,  , ,  , ,  , ,  , ,  , ,  , ,,
,  , ,,,,,,,,,,,,,,,,,,,,,,,,,,,,,  , ,  , ,  , ,  , ,  , ,  , ,  , ,  , ,  , ,  , ,  , ,  , ,  , ,  , ,  , ,  , ,  , ,  , ,  , ,  , ,  , ,  , ,  , ,  , ,  , ,  , ,  , ,  , ,  , ,  , ,  , ,  , ,  , ,  , ,  , ,  , ,  , ,  , ,  , ,  , ,  , ,  , ,  , ,  , ,  , ,  , ,  , ,  , ,  , ,  , ,  , ,  , ,,
,  , ,,,,,,,,,,,,,,,,,,,,,,,,,,,,,  , ,  , ,  , ,  , ,  , ,  , ,  , ,  , ,  , ,  , ,  , ,  , ,  , ,  , ,  , ,  , ,  , ,  , ,  , ,  , ,  , ,  , ,  , ,  , ,  , ,  , ,  , ,  , ,  , ,  , ,  , ,  , ,  , ,  , ,  , ,  , ,  , ,  , ,  , ,  , ,  , ,  , ,  , ,  , ,  , ,  , ,  , ,  , ,  , ,  , ,  , ,  , ,,
,  , ,,,,,,,,,,,,,,,,,,,,,,,,,,,,,  , ,  , ,  , ,  , ,  , ,  , ,  , ,  , ,  , ,  , ,  , ,  , ,  , ,  , ,  , ,  , ,  , ,  , ,  , ,  , ,  , ,  , ,  , ,  , ,  , ,  , ,  , ,  , ,  , ,  , ,  , ,  , ,  , ,  , ,  , ,  , ,  , ,  , ,  , ,  , ,  , ,  , ,  , ,  , ,  , ,  , ,  , ,  , ,  , ,  , ,  , ,  , ,,
,  , ,,,,,,,,,,,,,,,,,,,,,,,,,,,,,  , ,  , ,  , ,  , ,  , ,  , ,  , ,  , ,  , ,  , ,  , ,  , ,  , ,  , ,  , ,  , ,  , ,  , ,  , ,  , ,  , ,  , ,  , ,  , ,  , ,  , ,  , ,  , ,  , ,  , ,  , ,  , ,  , ,  , ,  , ,  , ,  , ,  , ,  , ,  , ,  , ,  , ,  , ,  , ,  , ,  , ,  , ,  , ,  , ,  , ,  , ,  , ,,
,  , ,,,,,,,,,,,,,,,,,,,,,,,,,,,,,  , ,  , ,  , ,  , ,  , ,  , ,  , ,  , ,  , ,  , ,  , ,  , ,  , ,  , ,  , ,  , ,  , ,  , ,  , ,  , ,  , ,  , ,  , ,  , ,  , ,  , ,  , ,  , ,  , ,  , ,  , ,  , ,  , ,  , ,  , ,  , ,  , ,  , ,  , ,  , ,  , ,  , ,  , ,  , ,  , ,  , ,  , ,  , ,  , ,  , ,  , ,  , ,,
,  , ,,,,,,,,,,,,,,,,,,,,,,,,,,,,,  , ,  , ,  , ,  , ,  , ,  , ,  , ,  , ,  , ,  , ,  , ,  , ,  , ,  , ,  , ,  , ,  , ,  , ,  , ,  , ,  , ,  , ,  , ,  , ,  , ,  , ,  , ,  , ,  , ,  , ,  , ,  , ,  , ,  , ,  , ,  , ,  , ,  , ,  , ,  , ,  , ,  , ,  , ,  , ,  , ,  , ,  , ,  , ,  , ,  , ,  , ,  , ,,
,  , ,,,,,,,,,,,,,,,,,,,,,,,,,,,,,  , ,  , ,  , ,  , ,  , ,  , ,  , ,  , ,  , ,  , ,  , ,  , ,  , ,  , ,  , ,  , ,  , ,  , ,  , ,  , ,  , ,  , ,  , ,  , ,  , ,  , ,  , ,  , ,  , ,  , ,  , ,  , ,  , ,  , ,  , ,  , ,  , ,  , ,  , ,  , ,  , ,  , ,  , ,  , ,  , ,  , ,  , ,  , ,  , ,  , ,  , ,  , ,,
,  , ,,,,,,,,,,,,,,,,,,,,,,,,,,,,,  , ,  , ,  , ,  , ,  , ,  , ,  , ,  , ,  , ,  , ,  , ,  , ,  , ,  , ,  , ,  , ,  , ,  , ,  , ,  , ,  , ,  , ,  , ,  , ,  , ,  , ,  , ,  , ,  , ,  , ,  , ,  , ,  , ,  , ,  , ,  , ,  , ,  , ,  , ,  , ,  , ,  , ,  , ,  , ,  , ,  , ,  , ,  , ,  , ,  , ,  , ,  , ,,
,  , ,,,,,,,,,,,,,,,,,,,,,,,,,,,,,  , ,  , ,  , ,  , ,  , ,  , ,  , ,  , ,  , ,  , ,  , ,  , ,  , ,  , ,  , ,  , ,  , ,  , ,  , ,  , ,  , ,  , ,  , ,  , ,  , ,  , ,  , ,  , ,  , ,  , ,  , ,  , ,  , ,  , ,  , ,  , ,  , ,  , ,  , ,  , ,  , ,  , ,  , ,  , ,  , ,  , ,  , ,  , ,  , ,  , ,  , ,  , ,,
,  , ,,,,,,,,,,,,,,,,,,,,,,,,,,,,,  , ,  , ,  , ,  , ,  , ,  , ,  , ,  , ,  , ,  , ,  , ,  , ,  , ,  , ,  , ,  , ,  , ,  , ,  , ,  , ,  , ,  , ,  , ,  , ,  , ,  , ,  , ,  , ,  , ,  , ,  , ,  , ,  , ,  , ,  , ,  , ,  , ,  , ,  , ,  , ,  , ,  , ,  , ,  , ,  , ,  , ,  , ,  , ,  , ,  , ,  , ,  , ,,
,  , ,,,,,,,,,,,,,,,,,,,,,,,,,,,,,  , ,  , ,  , ,  , ,  , ,  , ,  , ,  , ,  , ,  , ,  , ,  , ,  , ,  , ,  , ,  , ,  , ,  , ,  , ,  , ,  , ,  , ,  , ,  , ,  , ,  , ,  , ,  , ,  , ,  , ,  , ,  , ,  , ,  , ,  , ,  , ,  , ,  , ,  , ,  , ,  , ,  , ,  , ,  , ,  , ,  , ,  , ,  , ,  , ,  , ,  , ,  , ,,
,  , ,,,,,,,,,,,,,,,,,,,,,,,,,,,,,  , ,  , ,  , ,  , ,  , ,  , ,  , ,  , ,  , ,  , ,  , ,  , ,  , ,  , ,  , ,  , ,  , ,  , ,  , ,  , ,  , ,  , ,  , ,  , ,  , ,  , ,  , ,  , ,  , ,  , ,  , ,  , ,  , ,  , ,  , ,  , ,  , ,  , ,  , ,  , ,  , ,  , ,  , ,  , ,  , ,  , ,  , ,  , ,  , ,  , ,  , ,  , ,,
,  , ,,,,,,,,,,,,,,,,,,,,,,,,,,,,,  , ,  , ,  , ,  , ,  , ,  , ,  , ,  , ,  , ,  , ,  , ,  , ,  , ,  , ,  , ,  , ,  , ,  , ,  , ,  , ,  , ,  , ,  , ,  , ,  , ,  , ,  , ,  , ,  , ,  , ,  , ,  , ,  , ,  , ,  , ,  , ,  , ,  , ,  , ,  , ,  , ,  , ,  , ,  , ,  , ,  , ,  , ,  , ,  , ,  , ,  , ,  , ,,
,  , ,,,,,,,,,,,,,,,,,,,,,,,,,,,,,  , ,  , ,  , ,  , ,  , ,  , ,  , ,  , ,  , ,  , ,  , ,  , ,  , ,  , ,  , ,  , ,  , ,  , ,  , ,  , ,  , ,  , ,  , ,  , ,  , ,  , ,  , ,  , ,  , ,  , ,  , ,  , ,  , ,  , ,  , ,  , ,  , ,  , ,  , ,  , ,  , ,  , ,  , ,  , ,  , ,  , ,  , ,  , ,  , ,  , ,  , ,  , ,,
,  , ,,,,,,,,,,,,,,,,,,,,,,,,,,,,,  , ,  , ,  , ,  , ,  , ,  , ,  , ,  , ,  , ,  , ,  , ,  , ,  , ,  , ,  , ,  , ,  , ,  , ,  , ,  , ,  , ,  , ,  , ,  , ,  , ,  , ,  , ,  , ,  , ,  , ,  , ,  , ,  , ,  , ,  , ,  , ,  , ,  , ,  , ,  , ,  , ,  , ,  , ,  , ,  , ,  , ,  , ,  , ,  , ,  , ,  , ,  , ,,
,  , ,,,,,,,,,,,,,,,,,,,,,,,,,,,,,  , ,  , ,  , ,  , ,  , ,  , ,  , ,  , ,  , ,  , ,  , ,  , ,  , ,  , ,  , ,  , ,  , ,  , ,  , ,  , ,  , ,  , ,  , ,  , ,  , ,  , ,  , ,  , ,  , ,  , ,  , ,  , ,  , ,  , ,  , ,  , ,  , ,  , ,  , ,  , ,  , ,  , ,  , ,  , ,  , ,  , ,  , ,  , ,  , ,  , ,  , ,  , ,,
,  , ,,,,,,,,,,,,,,,,,,,,,,,,,,,,,  , ,  , ,  , ,  , ,  , ,  , ,  , ,  , ,  , ,  , ,  , ,  , ,  , ,  , ,  , ,  , ,  , ,  , ,  , ,  , ,  , ,  , ,  , ,  , ,  , ,  , ,  , ,  , ,  , ,  , ,  , ,  , ,  , ,  , ,  , ,  , ,  , ,  , ,  , ,  , ,  , ,  , ,  , ,  , ,  , ,  , ,  , ,  , ,  , ,  , ,  , ,  , ,,
,  , ,,,,,,,,,,,,,,,,,,,,,,,,,,,,,  , ,  , ,  , ,  , ,  , ,  , ,  , ,  , ,  , ,  , ,  , ,  , ,  , ,  , ,  , ,  , ,  , ,  , ,  , ,  , ,  , ,  , ,  , ,  , ,  , ,  , ,  , ,  , ,  , ,  , ,  , ,  , ,  , ,  , ,  , ,  , ,  , ,  , ,  , ,  , ,  , ,  , ,  , ,  , ,  , ,  , ,  , ,  , ,  , ,  , ,  , ,  , ,,
,  , ,,,,,,,,,,,,,,,,,,,,,,,,,,,,,  , ,  , ,  , ,  , ,  , ,  , ,  , ,  , ,  , ,  , ,  , ,  , ,  , ,  , ,  , ,  , ,  , ,  , ,  , ,  , ,  , ,  , ,  , ,  , ,  , ,  , ,  , ,  , ,  , ,  , ,  , ,  , ,  , ,  , ,  , ,  , ,  , ,  , ,  , ,  , ,  , ,  , ,  , ,  , ,  , ,  , ,  , ,  , ,  , ,  , ,  , ,  , ,,
,  , ,,,,,,,,,,,,,,,,,,,,,,,,,,,,,  , ,  , ,  , ,  , ,  , ,  , ,  , ,  , ,  , ,  , ,  , ,  , ,  , ,  , ,  , ,  , ,  , ,  , ,  , ,  , ,  , ,  , ,  , ,  , ,  , ,  , ,  , ,  , ,  , ,  , ,  , ,  , ,  , ,  , ,  , ,  , ,  , ,  , ,  , ,  , ,  , ,  , ,  , ,  , ,  , ,  , ,  , ,  , ,  , ,  , ,  , ,  , ,,
,  , ,,,,,,,,,,,,,,,,,,,,,,,,,,,,,  , ,  , ,  , ,  , ,  , ,  , ,  , ,  , ,  , ,  , ,  , ,  , ,  , ,  , ,  , ,  , ,  , ,  , ,  , ,  , ,  , ,  , ,  , ,  , ,  , ,  , ,  , ,  , ,  , ,  , ,  , ,  , ,  , ,  , ,  , ,  , ,  , ,  , ,  , ,  , ,  , ,  , ,  , ,  , ,  , ,  , ,  , ,  , ,  , ,  , ,  , ,  , ,,
,  , ,,,,,,,,,,,,,,,,,,,,,,,,,,,,,  , ,  , ,  , ,  , ,  , ,  , ,  , ,  , ,  , ,  , ,  , ,  , ,  , ,  , ,  , ,  , ,  , ,  , ,  , ,  , ,  , ,  , ,  , ,  , ,  , ,  , ,  , ,  , ,  , ,  , ,  , ,  , ,  , ,  , ,  , ,  , ,  , ,  , ,  , ,  , ,  , ,  , ,  , ,  , ,  , ,  , ,  , ,  , ,  , ,  , ,  , ,  , ,,
,  , ,,,,,,,,,,,,,,,,,,,,,,,,,,,,,  , ,  , ,  , ,  , ,  , ,  , ,  , ,  , ,  , ,  , ,  , ,  , ,  , ,  , ,  , ,  , ,  , ,  , ,  , ,  , ,  , ,  , ,  , ,  , ,  , ,  , ,  , ,  , ,  , ,  , ,  , ,  , ,  , ,  , ,  , ,  , ,  , ,  , ,  , ,  , ,  , ,  , ,  , ,  , ,  , ,  , ,  , ,  , ,  , ,  , ,  , ,  , ,,
,  , ,,,,,,,,,,,,,,,,,,,,,,,,,,,,,  , ,  , ,  , ,  , ,  , ,  , ,  , ,  , ,  , ,  , ,  , ,  , ,  , ,  , ,  , ,  , ,  , ,  , ,  , ,  , ,  , ,  , ,  , ,  , ,  , ,  , ,  , ,  , ,  , ,  , ,  , ,  , ,  , ,  , ,  , ,  , ,  , ,  , ,  , ,  , ,  , ,  , ,  , ,  , ,  , ,  , ,  , ,  , ,  , ,  , ,  , ,  , ,,
,  , ,,,,,,,,,,,,,,,,,,,,,,,,,,,,,  , ,  , ,  , ,  , ,  , ,  , ,  , ,  , ,  , ,  , ,  , ,  , ,  , ,  , ,  , ,  , ,  , ,  , ,  , ,  , ,  , ,  , ,  , ,  , ,  , ,  , ,  , ,  , ,  , ,  , ,  , ,  , ,  , ,  , ,  , ,  , ,  , ,  , ,  , ,  , ,  , ,  , ,  , ,  , ,  , ,  , ,  , ,  , ,  , ,  , ,  , ,  , ,,
,  , ,,,,,,,,,,,,,,,,,,,,,,,,,,,,,  , ,  , ,  , ,  , ,  , ,  , ,  , ,  , ,  , ,  , ,  , ,  , ,  , ,  , ,  , ,  , ,  , ,  , ,  , ,  , ,  , ,  , ,  , ,  , ,  , ,  , ,  , ,  , ,  , ,  , ,  , ,  , ,  , ,  , ,  , ,  , ,  , ,  , ,  , ,  , ,  , ,  , ,  , ,  , ,  , ,  , ,  , ,  , ,  , ,  , ,  , ,  , ,,
,  , ,,,,,,,,,,,,,,,,,,,,,,,,,,,,,  , ,  , ,  , ,  , ,  , ,  , ,  , ,  , ,  , ,  , ,  , ,  , ,  , ,  , ,  , ,  , ,  , ,  , ,  , ,  , ,  , ,  , ,  , ,  , ,  , ,  , ,  , ,  , ,  , ,  , ,  , ,  , ,  , ,  , ,  , ,  , ,  , ,  , ,  , ,  , ,  , ,  , ,  , ,  , ,  , ,  , ,  , ,  , ,  , ,  , ,  , ,  , ,,
,  , ,,,,,,,,,,,,,,,,,,,,,,,,,,,,,  , ,  , ,  , ,  , ,  , ,  , ,  , ,  , ,  , ,  , ,  , ,  , ,  , ,  , ,  , ,  , ,  , ,  , ,  , ,  , ,  , ,  , ,  , ,  , ,  , ,  , ,  , ,  , ,  , ,  , ,  , ,  , ,  , ,  , ,  , ,  , ,  , ,  , ,  , ,  , ,  , ,  , ,  , ,  , ,  , ,  , ,  , ,  , ,  , ,  , ,  , ,  , ,,
,  , ,,,,,,,,,,,,,,,,,,,,,,,,,,,,,  , ,  , ,  , ,  , ,  , ,  , ,  , ,  , ,  , ,  , ,  , ,  , ,  , ,  , ,  , ,  , ,  , ,  , ,  , ,  , ,  , ,  , ,  , ,  , ,  , ,  , ,  , ,  , ,  , ,  , ,  , ,  , ,  , ,  , ,  , ,  , ,  , ,  , ,  , ,  , ,  , ,  , ,  , ,  , ,  , ,  , ,  , ,  , ,  , ,  , ,  , ,  , ,,
,  , ,,,,,,,,,,,,,,,,,,,,,,,,,,,,,  , ,  , ,  , ,  , ,  , ,  , ,  , ,  , ,  , ,  , ,  , ,  , ,  , ,  , ,  , ,  , ,  , ,  , ,  , ,  , ,  , ,  , ,  , ,  , ,  , ,  , ,  , ,  , ,  , ,  , ,  , ,  , ,  , ,  , ,  , ,  , ,  , ,  , ,  , ,  , ,  , ,  , ,  , ,  , ,  , ,  , ,  , ,  , ,  , ,  , ,  , ,  , ,,